 CPUAvg,search,buy, AController:74,AController:98,DaoImpl:69,HomeController:69,AController:91,HomeController:107,ItemDaoImpl:86,AController:110,AController:111,HomeController:53,Item:118,AController:136,AController:104,Item:253,AController:43,AService:489,HomeController:91,AController:55
121.27,3864,3965,1993,25762,62189,672,25762,670,1323,21800,21800,7370,77457,65400,25762,77456,21752,1323,670,108293
132.9,4571,4444,2126,28826,70423,698,28826,699,1427,24390,24390,7689,91684,73170,28826,91685,24395,1427,699,121357
132.53,4336,4517,2211,29081,70707,723,29081,724,1487,24591,24591,7964,87591,73773,29081,87591,24621,1487,724,122155
132.9,4537,4474,2331,29264,71379,780,29264,780,1551,24790,24790,8580,91684,74370,29264,91684,24825,1551,780,123193
128.1,4168,4393,2196,28376,68475,716,28376,716,1480,23989,23989,7876,84546,71967,28376,84546,23934,1480,716,119224
129.37,4404,4419,2228,28893,69723,738,28893,737,1490,24471,24471,8107,87367,73413,28893,87367,24417,1490,737,121559
111.2,3888,4000,1903,25697,61837,620,25697,619,1285,21696,21696,6809,75920,65088,25697,75920,21796,1285,619,107858
121.97,4112,4134,2186,27085,65392,754,27085,756,1430,22895,22895,8316,82731,68685,27085,82731,22838,1430,756,113767
129.27,4372,4416,2178,28541,69600,737,28541,737,1441,24134,24134,8107,88077,72402,28541,88077,24146,1441,737,119943
122,4110,4166,2011,26746,65003,679,26746,679,1332,22622,22622,7469,82359,67866,26746,82359,22667,1332,679,112441
134.6,4538,4546,2437,29847,72375,803,29847,803,1634,25284,25284,8833,91143,75852,29847,91143,25293,1634,803,125556
127.57,4090,4341,2077,27883,66587,684,27883,684,1393,23520,23520,7524,82240,70560,27883,82240,23393,1393,684,117029
125.57,4230,4283,2147,27815,68168,708,27815,707,1440,23534,23534,7777,85866,70602,27815,85866,23612,1440,707,116888
123.3,4229,4181,2210,27297,66437,754,27297,755,1455,23126,23126,8305,84847,69378,27297,84847,23134,1455,755,114816
121.1,4124,4086,2039,26518,64935,691,26518,691,1347,22431,22431,7601,84976,67293,26518,84976,22347,1347,691,111512
133.77,4606,4543,2281,29471,71928,770,29471,769,1513,24951,24951,8459,91304,74853,29471,91304,25009,1513,769,123890
130.27,4369,4452,2263,28906,70424,764,28906,763,1499,24455,24455,8393,89179,73365,28906,89179,24488,1499,763,121561
127.07,4237,4280,2241,27901,67525,765,27901,767,1475,23586,23586,8437,85791,70758,27901,85791,23569,1475,767,117207
131.37,4475,4458,2259,28968,70908,738,28968,736,1523,24525,24525,8096,90708,73573,28968,90707,24537,1523,736,121734
124.27,4345,4261,2135,27724,67433,727,27724,727,1405,23470,23470,7997,86322,70412,27724,86323,23405,1405,727,116677
122.5,4242,4302,2208,28016,68041,747,28016,746,1464,23697,23697,8206,85505,71091,28016,85505,23742,1464,746,117667
132.3,4428,4523,2214,29163,70551,744,29163,746,1468,24640,24640,8206,89125,73920,29163,89125,24629,1468,746,122573
132.6,4531,4483,2334,29302,71581,788,29302,789,1546,24819,24819,8679,91328,74457,29302,91328,24843,1546,789,123236
138.73,4711,4674,2374,30388,74411,787,30388,787,1586,25712,25712,8657,95684,77136,30388,95684,25755,1586,787,127785
121.97,4094,4144,2148,27098,65361,733,27098,733,1416,22927,22927,8063,81888,68781,27098,81888,22856,1416,733,113828
130.37,4383,4441,2112,28495,69269,691,28495,691,1421,24099,24099,7601,87086,72297,28495,87086,24115,1421,691,119854
124.53,4165,4233,2106,27412,66596,691,27412,691,1415,23189,23189,7601,83559,69567,27412,83559,23224,1415,691,115208
110.33,3665,3760,1874,24472,59036,628,24472,628,1246,20709,20709,6908,73583,62127,24472,73583,20654,1246,628,102890
126.6,4345,4407,2276,28735,69325,734,28735,734,1542,24301,24301,8074,86984,72903,28735,86984,24341,1542,734,120773
127.6,4063,4392,2332,28215,67687,768,28215,768,1564,23834,23834,8448,83177,71502,28215,83177,23844,1564,768,118393
128.73,4278,4338,2090,28041,68474,712,28041,712,1378,23731,23731,7832,86126,71193,28041,86126,23737,1378,712,117908
129.43,4675,4498,2253,29511,72316,777,29511,776,1477,24977,24977,8536,94634,74931,29511,94634,24963,1477,776,124266
123.4,3999,4311,2190,27741,66318,736,27741,735,1453,23427,23427,8085,80282,70281,27741,80282,23410,1453,735,116383
128.77,4446,4314,2136,28210,69407,714,28210,714,1422,23894,23894,7854,90782,71682,28210,90782,23853,1422,714,118826
129.97,4544,4380,2133,28747,70594,710,28747,711,1424,24332,24332,7821,91684,72996,28747,91684,24416,1424,711,121069
132.7,4452,4534,2112,29120,70648,703,29120,704,1408,24635,24635,7744,88515,73905,29120,88515,24607,1408,704,122449
131.17,4463,4457,2241,29051,70906,745,29051,744,1496,24583,24583,8184,90105,73749,29051,90105,24557,1496,744,122139
106.73,3704,3590,1849,23468,57263,621,23468,622,1227,19869,19869,6842,75618,59607,23468,75618,19797,1227,622,98830
127.63,4334,4332,2068,28025,68950,695,28025,692,1372,23741,23741,7612,87532,71223,28025,87532,23848,1372,692,117930
126,4345,4361,2214,28571,69090,735,28571,738,1481,24156,24156,8118,87079,72468,28571,87079,24107,1481,738,120087
115.97,4159,3962,1959,25702,63790,648,25702,648,1311,21803,21803,7128,84251,65409,25702,84251,21875,1311,648,108339
115.27,3930,3918,1809,25545,61862,584,25545,584,1225,21595,21595,6424,78077,64785,25545,78077,21547,1225,584,107437
132.2,4453,4508,2277,29150,70581,778,29150,776,1500,24647,24647,8536,89362,73941,29150,89362,24641,1500,776,122521
122.5,3931,4226,2231,27347,65484,748,27347,750,1482,23103,23103,8250,79080,69309,27347,79080,23084,1482,750,114712
127.77,4317,4306,2226,27936,68026,738,27936,736,1489,23647,23647,8096,87340,70941,27936,87340,23685,1489,736,117467
131.1,4558,4444,2224,29102,71404,751,29102,753,1472,24624,24624,8283,92344,73872,29102,92344,24663,1472,753,122432
128.2,4270,4298,2138,27823,68125,706,27823,706,1432,23564,23564,7766,87165,70691,27823,87165,23537,1432,706,117094
137.2,4607,4629,2199,30022,72931,718,30022,718,1481,25400,25400,7898,92988,76201,30022,92988,25348,1481,718,126319
129.7,4448,4332,2226,28318,70041,749,28318,745,1480,23998,23998,8195,91344,71994,28318,91344,24055,1480,745,119144
121.53,4054,4077,2086,26717,64818,679,26717,682,1404,22587,22587,7502,82810,67761,26717,82804,22537,1404,682,112299
128.77,4530,4365,2118,28225,69317,704,28225,704,1414,23907,23907,7744,91113,71721,28225,91119,23902,1414,704,118830
115.57,3850,4126,2055,26686,64268,692,26686,692,1363,22542,22542,7612,77381,67626,26686,77381,22572,1363,692,112058
132.83,4562,4488,2186,29216,70855,729,29216,728,1459,24731,24731,8008,90666,74193,29216,90666,24716,1459,728,123013
134.37,4621,4494,2138,29427,72261,697,29427,699,1439,24904,24904,7689,93352,74712,29427,93352,24931,1439,699,123875
117.13,3927,4005,1986,25760,63032,656,25760,656,1330,21801,21801,7216,79692,65403,25760,79692,21822,1330,656,108309
139.93,4610,4694,2436,30661,74397,816,30661,815,1621,25930,25930,8965,94459,77790,30661,94459,25873,1621,815,128805
126.4,4407,4298,2026,27848,68502,662,27848,663,1363,23575,23575,7293,88844,70725,27848,88844,23629,1363,663,117297
133.43,4393,4541,2340,29536,71523,777,29536,777,1563,24985,24985,8547,89991,74955,29536,89991,24977,1563,777,124138
131.27,4507,4366,2225,28518,70557,759,28518,758,1467,24166,24166,8338,92720,72498,28518,92720,24176,1467,758,120083
135.17,4541,4535,2315,29590,71741,785,29590,785,1530,25033,25033,8635,91311,75099,29590,91311,24995,1530,785,124459
121.47,4176,4208,2086,27220,66243,711,27220,712,1374,23046,23046,7832,82998,69138,27220,82998,23068,1374,712,114481
123,4120,4249,2216,27492,66371,747,27492,747,1469,23224,23224,8217,84013,69672,27492,84013,23258,1469,747,115485
131.3,4308,4407,2197,28734,68998,727,28734,727,1470,24304,24304,7997,84951,72912,28734,84951,24222,1470,727,120744
122.9,4361,4308,2215,28042,68443,759,28042,759,1456,23721,23721,8349,88092,71163,28042,88092,23801,1456,759,117908
130.17,4257,4459,2248,28736,69602,755,28736,753,1495,24307,24307,8283,86164,72921,28736,86161,24251,1495,753,120704
135.2,4559,4624,2211,29791,72549,728,29791,729,1481,25192,25192,8019,92129,75576,29791,92132,25184,1481,729,125288
125.3,4241,4270,2122,27854,67379,691,27854,690,1432,23567,23567,7590,85431,70701,27854,85431,23533,1432,690,117120
111.4,3671,3792,1928,24688,59599,616,24688,618,1311,20877,20877,6798,73044,62631,24688,73044,20940,1311,618,103711
117.53,3870,4106,2076,26484,63070,702,26484,701,1374,22360,22360,7711,76414,67080,26484,76414,22323,1374,701,111133
122.9,4232,4152,2055,26897,66367,694,26897,695,1361,22788,22788,7645,86113,68364,26897,86111,22823,1361,695,113185
124.87,4278,4178,2064,27300,66791,687,27300,687,1377,23119,23119,7557,86148,69357,27300,86150,23114,1377,687,114950
117.67,4119,4035,1964,26321,64195,629,26321,628,1336,22291,22291,6908,82405,66873,26321,82405,22314,1336,628,110759
119.77,4125,4090,1967,26497,64353,667,26497,667,1299,22402,22402,7337,82709,67206,26497,82709,22301,1299,667,111463
127.9,4358,4222,2075,27982,68075,697,27982,698,1378,23675,23675,7678,86581,71025,27982,86581,23653,1378,698,117720
133.17,4515,4555,2156,29070,71208,719,29070,716,1439,24613,24613,7876,90391,73839,29070,90391,24680,1439,716,122316
128.17,4537,4471,2139,29046,71181,687,29046,689,1451,24574,24574,7579,91342,73722,29046,91342,24582,1451,689,122182
130.57,4358,4382,2273,28759,69680,756,28759,757,1516,24326,24326,8327,88455,72978,28759,88455,24329,1516,757,120952
128.9,4368,4385,2144,28246,69134,721,28246,718,1426,23904,23904,7898,88511,71712,28246,88511,23902,1426,718,118704
132.47,4628,4394,2084,28780,71066,674,28780,675,1409,24381,24381,7425,92878,73143,28780,92878,24418,1409,675,121270
123.4,4161,4182,2024,27119,66019,671,27119,670,1351,22953,22953,7370,84482,68859,27119,84482,22892,1351,670,114088
121.57,4200,4117,2053,27004,65913,682,27004,685,1371,22831,22831,7535,84311,68493,27004,84311,22856,1371,685,113501
134.77,4713,4526,2253,29550,72079,751,29550,751,1502,25017,25017,8261,93298,75051,29550,93298,25000,1502,751,124385
125.07,4266,4278,2051,27641,67275,682,27641,680,1370,23394,23394,7480,85785,70182,27641,85785,23401,1370,680,116270
89.47,3019,2954,1456,19373,47454,466,19373,468,989,16405,16405,5148,60531,49215,19373,60531,16410,989,468,81484
116.3,4014,3899,1866,25352,62386,598,25352,598,1268,21478,21478,6578,81056,64434,25352,81056,21474,1268,598,106734
129.37,4468,4368,2153,28406,69901,699,28406,699,1454,24034,24034,7689,90941,72102,28406,90941,24065,1454,699,119481
131.83,4591,4626,2246,29956,72998,742,29956,740,1506,25345,25345,8140,92537,76035,29956,92537,25364,1506,740,125941
125.5,4188,4252,2133,27628,67242,697,27628,699,1434,23373,23373,7689,85704,70119,27628,85704,23353,1434,699,116229
129.57,4575,4290,2142,28193,69627,729,28193,728,1413,23909,23909,8008,92070,71727,28193,92070,23909,1413,728,118813
134.53,4468,4519,2363,29383,71974,811,29383,811,1552,24843,24843,8921,92597,74529,29383,92597,24853,1552,811,123454
125.03,4196,4270,2122,27852,67338,703,27852,704,1419,23546,23546,7744,84741,70638,27852,84741,23571,1419,704,117145
127.83,4260,4335,2115,27933,68021,707,27933,706,1407,23654,23654,7766,86477,70962,27933,86477,23566,1407,706,117533
132.57,4426,4483,2418,29419,71076,823,29419,823,1597,24877,24877,9053,89004,74631,29419,89004,24903,1597,823,123565
111.2,3731,3785,1890,24328,59446,648,24328,649,1241,20603,20603,7139,74972,61809,24328,74972,20657,1241,649,102337
123.47,4123,4220,2081,27513,66145,681,27513,681,1400,23239,23239,7491,82643,69717,27513,82643,23191,1400,681,115600
127.9,4261,4356,2142,28121,68422,715,28121,715,1426,23788,23788,7865,86624,71364,28121,86624,23747,1426,715,118251
122.13,4242,4314,2146,28035,68156,710,28035,710,1437,23706,23706,7810,85272,71118,28035,85272,23808,1437,710,117849
125.17,4313,4209,2161,27406,67309,738,27406,737,1424,23217,23217,8107,87883,69651,27406,87883,23159,1424,737,115291
127.97,4407,4307,2132,28184,68833,696,28184,697,1435,23848,23848,7667,88686,71544,28184,88686,23904,1435,697,118599
121.07,4024,4094,2017,26497,64252,684,26497,684,1333,22408,22408,7524,80954,67224,26497,80954,22384,1333,684,111392
134.73,4711,4494,2258,29408,72630,772,29408,772,1486,24913,24913,8492,95863,74739,29408,95863,24931,1486,772,123847
126.97,4276,4273,2234,27804,67976,772,27804,772,1461,23550,23550,8492,87237,70650,27804,87237,23554,1461,772,116965
123.7,4054,4197,2036,27136,65896,688,27136,686,1351,22930,22930,7546,82464,68790,27136,82464,22860,1351,686,113975
127.5,4451,4345,2295,28199,68992,754,28199,756,1539,23905,23905,8316,89594,71715,28199,89594,23972,1539,756,118653
125.4,4125,4305,1994,27735,67213,654,27735,654,1340,23413,23413,7194,83329,70239,27735,83329,23404,1340,654,116557
121.47,4119,4032,2027,26469,64557,649,26469,649,1378,22421,22421,7139,82810,67263,26469,82810,22430,1378,649,111388
108.03,3643,3726,1912,24060,58258,649,24060,648,1263,20355,20355,7128,73181,61065,24060,73181,20306,1263,648,101060
121.13,4134,4273,2207,27662,67035,750,27662,751,1456,23381,23381,8261,83911,70143,27662,83911,23413,1456,751,116155
130.53,4388,4412,2255,28684,69751,765,28684,764,1492,24270,24270,8404,89105,72810,28684,89105,24289,1492,764,120665
134.73,4509,4541,2378,29579,72085,795,29579,796,1582,25047,25047,8756,91898,75141,29579,91898,25051,1582,796,124399
131,4382,4447,2144,28823,69673,721,28823,719,1424,24359,24359,7909,88134,73077,28823,88134,24287,1424,719,121158
125.73,4188,4336,2176,27916,67539,745,27916,747,1430,23600,23600,8217,83148,70800,27916,83148,23654,1430,747,117307
122.97,4188,4157,2082,27407,66724,689,27407,689,1393,23167,23167,7579,85402,69501,27407,85402,23148,1393,689,115235
124.23,4220,4130,2057,26939,66067,683,26939,683,1374,22842,22842,7513,85538,68526,26939,85534,22811,1374,683,113455
120.97,4178,4168,2134,27009,65780,712,27009,712,1420,22870,22870,7832,83781,68610,27009,83785,22850,1420,712,113585
121.07,4190,4062,1973,26431,64859,665,26431,665,1309,22351,22351,7315,84161,67053,26431,84161,22439,1309,665,111170
125.57,4197,4198,2059,27251,66442,687,27251,686,1374,23059,23059,7546,84337,69177,27251,84337,23032,1374,686,114569
126.2,4450,4429,2312,28901,70010,767,28901,768,1544,24504,24504,8448,88573,73512,28901,88573,24455,1544,768,121658
124.27,4035,4362,2211,27990,66773,743,27990,743,1468,23623,23623,8173,80284,70869,27990,80284,23692,1468,743,117399
129,4337,4328,2164,28284,68797,715,28284,715,1449,23907,23907,7865,88044,71721,28284,88044,23893,1449,715,118929
129.07,4251,4408,2240,28419,68724,738,28419,738,1502,24042,24042,8118,86186,72126,28419,86186,24015,1502,738,119400
125.67,4217,4282,2122,27623,67162,704,27623,703,1417,23358,23358,7733,84736,70074,27623,84736,23331,1417,703,116032
132.27,4577,4336,2233,28658,71008,753,28658,754,1481,24284,24284,8294,93954,72852,28658,93954,24281,1481,754,120584
127.07,4239,4370,2235,28164,68250,753,28164,753,1482,23819,23819,8283,85507,71457,28164,85507,23867,1482,753,118388
127.27,4206,4305,2179,28031,68100,716,28031,716,1463,23711,23711,7876,86052,71133,28031,86052,23706,1463,716,117840
121.67,4198,4120,1988,26905,66022,668,26905,668,1320,22772,22772,7348,85698,68316,26905,85698,22751,1320,668,113292
124.2,4195,4173,2129,26993,65918,720,26993,720,1409,22868,22868,7920,84443,68604,26993,84443,22924,1409,720,113633
134,4686,4594,2312,30124,73979,764,30124,764,1548,25502,25502,8404,95812,76506,30124,95812,25457,1548,764,126722
130.9,4565,4358,2088,28574,70455,680,28574,680,1408,24194,24194,7480,93279,72582,28574,93279,24186,1408,680,120357
126.67,4295,4269,2146,27690,67580,732,27690,729,1416,23451,23451,8019,86035,70352,27690,86035,23465,1416,729,116517
116.8,3726,3895,2002,25142,60499,668,25142,671,1332,21254,21254,7381,74591,63763,25142,74591,21279,1332,671,105616
120.9,4053,4131,1934,26677,65063,636,26677,636,1298,22557,22557,6996,81802,67671,26677,81801,22568,1298,636,112173
133.67,4649,4426,2257,29057,71122,759,29057,759,1498,24620,24620,8349,93452,73860,29057,93453,24568,1498,759,122362
128.7,4523,4362,2255,28530,70088,744,28530,744,1510,24155,24155,8184,91924,72465,28530,91924,24188,1510,744,119960
125.7,4157,4272,2161,27642,67152,726,27642,726,1435,23368,23368,7986,84256,70104,27642,84256,23393,1435,726,116091
124.83,4448,4159,2029,27288,67384,678,27288,677,1353,23135,23135,7447,89162,69405,27288,89162,23095,1353,677,114936
121.97,4234,4330,2247,28053,68173,762,28053,763,1484,23711,23711,8393,86360,71133,28053,86360,23745,1484,763,117852
129.1,4366,4379,2171,28535,69519,703,28535,703,1467,24138,24138,7733,88624,72414,28535,88620,24126,1467,703,119950
122.6,4265,4143,2070,27146,66692,686,27146,686,1385,22976,22976,7546,86985,68928,27146,86989,22991,1385,686,114271
126.1,4206,4325,2162,27813,67607,716,27813,716,1446,23560,23560,7876,84966,70680,27813,84966,23472,1446,716,116933
134.43,4589,4562,2176,29566,72101,731,29566,731,1445,24993,24993,8041,91774,74979,29566,91774,25060,1445,731,124339
124.63,4326,4315,2204,28131,68525,745,28131,745,1459,23815,23815,8195,87131,71445,28131,87131,23806,1459,745,118291
131.5,4344,4460,2330,29055,69821,781,29055,781,1549,24560,24560,8591,86773,73680,29055,86773,24576,1549,781,122042
113.73,3830,3813,1917,24674,60538,637,24674,636,1280,20900,20900,6996,77802,62700,24674,77802,20877,1280,636,103781
114.53,3848,3944,1945,25475,61939,661,25475,662,1284,21525,21525,7282,78195,64575,25475,78195,21535,1284,662,107028
122.13,4317,4224,2119,27636,67408,708,27636,705,1411,23412,23412,7755,86627,70236,27636,86627,23383,1411,705,116320
126.73,4359,4222,2064,27654,68087,671,27654,673,1394,23421,23421,7403,88969,70263,27654,88969,23405,1394,673,116446
116.77,3880,4042,2023,25949,63031,675,25949,676,1347,21917,21917,7436,79570,65751,25949,79570,21964,1347,676,108991
119.4,4045,3982,1948,26011,63831,639,26011,637,1311,22029,22029,7007,82467,66087,26011,82467,22000,1311,637,109459
110,3773,3737,1848,24388,59011,619,24388,621,1227,20635,20635,6831,74738,61905,24388,74738,20613,1227,621,102638
122.2,4091,4177,2120,26962,65733,700,26962,699,1421,22815,22815,7689,82769,68445,26962,82769,22855,1421,699,113351
125.77,4157,4287,2110,27737,67083,687,27737,686,1424,23459,23459,7546,83082,70377,27737,83082,23462,1424,686,116499
132.87,4481,4478,2277,29184,70921,745,29184,747,1528,24697,24697,8217,91125,74091,29184,91125,24643,1528,747,122719
124.03,4297,4190,2086,27413,67370,671,27413,671,1417,23211,23211,7381,87475,69633,27413,87475,23290,1417,671,115381
131.13,4467,4597,2288,29757,72099,759,29757,759,1528,25153,25153,8349,90657,75459,29757,90657,25119,1528,759,125056
127.77,4438,4289,2091,27944,68979,690,27944,688,1403,23688,23688,7568,89911,71064,27944,89911,23677,1403,688,117704
132.03,4380,4507,2334,29125,70515,790,29125,790,1543,24616,24616,8690,89246,73848,29125,89244,24631,1543,790,122234
135.47,4719,4471,2369,29537,72750,804,29537,806,1565,25035,25035,8866,95708,75105,29537,95710,25064,1565,806,124402
120.77,4095,4197,1987,26902,65008,650,26902,650,1336,22729,22729,7150,81202,68187,26902,81202,22671,1336,650,112902
115.73,3994,3845,1912,25256,62081,632,25256,632,1281,21402,21402,6952,80551,64206,25256,80551,21433,1281,632,106371
113.7,3887,3776,1915,24659,60924,634,24659,634,1281,20886,20886,6974,79891,62658,24659,79891,20897,1281,634,103778
127.33,4423,4301,2141,28015,68781,719,28015,719,1421,23722,23722,7909,90140,71166,28015,90140,23639,1421,719,117883
123.47,4215,4151,2116,27204,66310,710,27204,710,1407,23010,23010,7810,85051,69030,27204,85051,23080,1407,710,114433
121.23,4172,4314,2160,27641,66597,731,27641,731,1429,23372,23372,8041,83563,70116,27641,83563,23308,1429,731,116098
120.6,3900,4161,2070,27069,65217,680,27069,680,1390,22857,22857,7480,78560,68571,27069,78560,22903,1390,680,113572
128.97,4502,4342,2123,28242,68954,705,28242,705,1418,23924,23924,7755,89072,71772,28242,89072,23933,1418,705,118951
131.03,4475,4413,2160,28649,70545,706,28649,706,1453,24254,24254,7766,91144,72762,28649,91144,24257,1453,706,120496
128.8,4482,4333,2156,28240,69285,710,28240,709,1448,23925,23925,7799,89813,71775,28240,89812,23937,1448,709,118796
122.93,4228,4096,2066,26802,65670,693,26802,694,1372,22671,22671,7634,85797,68013,26802,85798,22640,1372,694,112720
121.33,4168,4042,2143,26633,65403,714,26633,714,1429,22565,22565,7854,85834,67695,26633,85834,22565,1429,714,112048
121.37,4096,4153,2025,26607,65397,682,26607,682,1343,22501,22501,7502,83144,67503,26607,83144,22555,1343,682,111830
109.83,3826,3727,1895,24376,59601,635,24376,635,1260,20662,20662,6985,77365,61986,24376,77365,20665,1260,635,102633
59.07,1865,1947,1014,12610,30544,341,12610,341,673,10662,10662,3751,37720,31986,12610,37720,10665,673,341,52912
124.63,4382,4370,2256,28417,69396,768,28417,768,1488,24028,24028,8448,90136,72084,28417,90136,23995,1488,768,119480
124.43,4135,4254,2119,27701,66704,724,27701,724,1395,23404,23404,7964,82613,70212,27701,82613,23414,1395,724,116395
124.13,4128,4225,2240,27444,66333,765,27444,765,1475,23221,23221,8415,83307,69663,27444,83307,23232,1475,765,115372
134.57,4576,4568,2221,29514,72318,720,29514,719,1502,24981,24981,7909,92782,74943,29514,92782,24986,1502,719,124084
127.2,4341,4288,2252,28003,68331,778,28003,777,1475,23717,23717,8547,87150,71151,28003,87150,23692,1475,777,117739
132.5,4462,4434,2252,28883,70362,755,28883,756,1496,24441,24441,8316,90519,73323,28883,90519,24437,1496,756,121490
120.9,4021,4156,2076,27015,65504,702,27015,701,1375,22824,22824,7711,82058,68472,27015,82058,22807,1375,701,113490
113.77,3931,3851,1961,24963,61450,657,24963,659,1302,21165,21165,7249,79956,63492,24963,79954,21159,1302,659,105063
128.93,4317,4290,2104,27822,67928,703,27822,700,1402,23534,23534,7700,87542,70605,27822,87544,23543,1402,700,117050
126.73,4285,4343,2166,28188,68604,722,28188,722,1445,23857,23857,7942,86230,71571,28188,86230,23849,1445,722,118511
116.8,4219,4023,2020,26447,64934,652,26447,655,1366,22408,22408,7205,84588,67224,26447,84588,22460,1366,655,111355
93.27,3106,3185,1617,20499,49772,540,20499,540,1077,17318,17318,5940,63065,51954,20499,63065,17319,1077,540,86032
123.7,4270,4167,2054,27206,66346,697,27206,696,1357,23036,23036,7656,84962,69108,27206,84962,23013,1357,696,114469
124.73,4165,4228,2282,27793,66941,781,27793,782,1501,23476,23476,8602,84391,70428,27793,84391,23456,1501,782,116683
124.43,4110,4283,2096,27175,66479,706,27175,705,1390,22996,22996,7755,83695,68988,27175,83694,23048,1390,705,114215
101.57,3643,3514,1714,22899,56186,560,22899,561,1154,19386,19386,6171,73290,58158,22899,73291,19391,1154,561,96417
120.5,4015,3940,1969,25865,63154,651,25865,651,1318,21899,21899,7161,80936,65697,25865,80936,21875,1318,651,108809
126.03,4274,4245,2056,27637,67042,669,27637,669,1386,23382,23382,7359,85389,70146,27637,85389,23314,1386,669,116254
113.7,3831,3937,2004,25539,61740,690,25539,690,1315,21612,21612,7590,76307,64836,25539,76307,21681,1315,690,107379
116.6,4056,4132,1967,26796,64729,649,26796,648,1318,22638,22638,7128,80401,67914,26796,80401,22592,1318,648,112571
118,3968,4000,2100,25807,63037,692,25807,691,1409,21859,21859,7601,80606,65577,25807,80606,21917,1409,691,108457
129.37,4359,4401,2329,28812,69651,796,28812,798,1531,24367,24367,8778,88065,73101,28812,88065,24339,1531,798,121081
123.83,4033,4195,2026,27029,65682,664,27029,663,1364,22845,22845,7293,82511,68535,27029,82511,22853,1364,663,113607
128.23,4378,4400,2358,28728,69480,809,28728,810,1548,24290,24290,8910,87769,72870,28728,87769,24319,1548,810,120686
125.57,4199,4219,2048,27246,66765,696,27246,696,1352,23059,23059,7656,85125,69177,27246,85125,23046,1352,696,114623
130.87,4387,4464,2313,29088,70172,776,29088,775,1537,24600,24600,8525,88393,73800,29088,88392,24604,1537,775,122253
121.27,4078,4127,2026,26684,64940,672,26684,673,1354,22583,22583,7403,81768,67749,26684,81769,22586,1354,673,112230
108.7,3771,3676,1833,23943,58630,626,23943,625,1207,20297,20297,6875,75841,60891,23943,75841,20214,1207,625,100819
109.23,3592,3718,1801,23945,57943,600,23945,601,1200,20227,20227,6611,71667,60681,23945,71667,20300,1200,601,100544
131.27,4646,4499,2238,29391,72172,737,29391,737,1502,24898,24898,8107,94123,74694,29391,94123,24907,1502,737,123738
121.6,4069,4142,2048,26994,65226,683,26994,683,1365,22817,22817,7513,81278,68451,26994,81278,22775,1365,683,113486
116.47,3945,4022,1981,25943,62644,675,25943,674,1306,21933,21933,7414,78944,65799,25943,78944,21882,1306,674,109050
125.3,4230,4190,2163,27479,67357,746,27479,747,1417,23260,23260,8217,86387,69780,27479,86387,23272,1417,747,115588
121.67,4076,4170,2120,26724,64848,713,26724,712,1408,22605,22605,7832,82480,67815,26724,82480,22653,1408,712,112266
123.7,4309,4122,2006,27232,67076,657,27232,658,1348,23067,23067,7238,86954,69201,27232,86954,23060,1348,658,114654
118.47,4005,4099,2004,26383,63952,680,26383,679,1325,22307,22307,7469,79768,66921,26383,79768,22333,1325,679,110937
130.1,4372,4334,2234,28268,68468,752,28268,749,1484,23921,23921,8239,86969,71763,28268,86969,23903,1484,749,118803
123.43,4231,4228,2147,27341,67173,727,27341,731,1416,23135,23135,8041,86558,69405,27341,86558,23161,1416,731,114918
124.8,4392,4325,2183,28134,68552,739,28134,737,1446,23819,23819,8107,88019,71457,28134,88019,23816,1446,737,118298
130.57,4307,4429,2258,28951,69736,751,28951,752,1506,24455,24455,8272,86842,73365,28951,86841,24428,1506,752,121633
100.9,3449,3377,1702,21935,53928,569,21935,570,1133,18584,18584,6270,69766,55752,21935,69767,18570,1133,570,92290
113.47,3765,3888,1904,25033,60411,622,25033,622,1282,21181,21181,6842,75817,63543,25033,75817,21124,1282,622,105234
127.67,4344,4321,2127,28038,68427,710,28038,710,1417,23711,23711,7810,87638,71133,28038,87638,23760,1417,710,117925
126.2,4308,4243,2090,27833,67931,703,27833,703,1387,23571,23571,7733,85846,70713,27833,85846,23607,1387,703,117150
123,4192,4205,2061,27150,66354,707,27150,706,1354,22975,22975,7766,84692,68925,27150,84692,22969,1354,706,114173
123.23,4058,4152,2078,26894,64909,687,26894,687,1392,22728,22728,7557,81202,68184,26894,81202,22709,1392,687,113019
126.47,4282,4325,2224,28054,68350,739,28054,738,1485,23744,23744,8118,86814,71232,28054,86814,23794,1485,738,117940
120.4,4069,4108,2125,26925,65310,731,26925,732,1394,22777,22777,8052,82696,68331,26925,82696,22734,1394,732,113261
126.6,4378,4378,2123,28314,68859,690,28314,691,1431,23966,23966,7601,87491,71898,28314,87491,23909,1431,691,119031
128.27,4365,4336,2200,28311,68773,730,28311,730,1471,23940,23940,8030,87190,71820,28311,87190,23999,1471,730,118996
130.23,4407,4346,2142,28204,69225,711,28204,711,1430,23888,23888,7821,89795,71664,28204,89795,23898,1430,711,118727
134.27,4656,4534,2283,29567,72043,770,29567,770,1513,25027,25027,8470,92736,75081,29567,92736,24966,1513,770,124352
119.33,4121,4022,1946,26233,64221,662,26233,660,1286,22193,22193,7260,82617,66579,26233,82617,22272,1286,660,110407
132.2,4302,4503,2194,29059,70077,728,29059,729,1465,24556,24556,8019,86338,73668,29059,86338,24543,1465,729,122060
124.5,4322,4169,2075,27133,66452,708,27133,705,1366,22997,22997,7755,86776,68991,27133,86776,22957,1366,705,114308
117.37,4031,3944,2012,25842,63345,668,25842,672,1345,21898,21898,7392,81293,65694,25842,81293,21901,1345,672,108746
132.77,4386,4538,2310,29429,71220,793,29429,791,1519,24858,24858,8701,88816,74574,29429,88816,24894,1519,791,123585
122.83,4270,4269,2185,27891,67602,748,27891,750,1435,23587,23587,8250,85444,70761,27891,85444,23602,1435,750,117288
106.63,3568,3635,1786,23423,56755,594,23423,594,1192,19817,19817,6534,71721,59451,23423,71721,19750,1192,594,98425
124.2,4111,4255,2137,27600,66681,723,27600,721,1416,23335,23335,7931,82408,70005,27600,82408,23353,1416,721,115953
125.87,4224,4335,2222,27851,67274,737,27851,738,1482,23566,23566,8118,84286,70698,27851,84286,23526,1482,738,117030
127.73,4289,4329,2213,28136,68851,741,28136,742,1473,23804,23804,8162,87633,71412,28136,87633,23892,1473,742,118368
111.87,3765,3776,1813,24515,59771,598,24515,598,1215,20729,20729,6578,76000,62187,24515,76000,20710,1215,598,103028
117.13,4125,4063,2079,26542,64296,698,26542,698,1381,22472,22472,7678,81679,67416,26542,81679,22506,1381,698,111638
106.6,3607,3521,1740,23073,56521,591,23073,591,1149,19523,19523,6501,73254,58569,23073,73254,19470,1149,591,97063
125.23,4299,4183,2134,27259,66863,696,27259,696,1438,23106,23106,7656,86473,69318,27259,86473,23135,1438,696,114717
128.67,4430,4535,2166,29151,70835,702,29151,701,1465,24634,24634,7711,90538,73902,29151,90538,24605,1465,701,122499
128.3,4526,4217,2102,27735,69112,698,27735,699,1403,23516,23516,7689,91624,70548,27735,91624,23550,1403,699,116848
126.37,4179,4303,2192,27898,67542,722,27898,722,1470,23597,23597,7942,84747,70791,27898,84746,23585,1470,722,117153
126.63,4302,4295,2088,27808,68013,691,27808,690,1398,23517,23518,7590,86996,70551,27808,86997,23509,1398,690,116950
126.13,4179,4247,2215,27801,67390,749,27801,747,1467,23525,23524,8217,85533,70575,27801,85533,23542,1467,747,116946
126.5,4247,4277,2169,27777,67617,728,27777,729,1440,23511,23511,8019,86067,70533,27777,86067,23495,1440,729,116799
133.43,4529,4457,2230,29227,71815,752,29227,754,1477,24739,24739,8294,93621,74217,29227,93621,24721,1477,754,123119
126.67,4313,4243,2090,27560,67666,689,27560,687,1403,23336,23336,7557,87489,70008,27560,87489,23352,1403,687,115933
126.5,4293,4252,2128,27716,67931,716,27716,718,1410,23447,23447,7898,88018,70341,27716,88018,23383,1410,718,116576
129.77,4603,4425,2281,28895,71559,764,28895,764,1517,24484,24484,8404,94592,73452,28895,94592,24545,1517,764,121606
126.83,4502,4243,1981,27607,68316,646,27607,646,1335,23383,23383,7106,90303,70149,27607,90303,23384,1335,646,116275
128.27,4171,4244,2142,27540,66841,720,27540,719,1423,23309,23309,7909,84194,69927,27540,84194,23284,1423,719,115733
126.53,4468,4256,2054,28058,68518,690,28058,691,1363,23752,23752,7601,88548,71256,28058,88548,23748,1363,691,118185
129.17,4381,4456,2288,28674,69953,763,28674,763,1525,24253,24253,8393,88644,72759,28674,88644,24300,1525,763,120463
123,4133,4194,1980,27229,65722,639,27229,639,1341,23013,23013,7029,82519,69039,27229,82519,22955,1341,639,114429
133.77,4498,4468,2252,29048,71365,747,29048,747,1505,24595,24595,8217,92080,73785,29048,92080,24590,1505,747,122130
127.57,4326,4332,2231,28256,68668,747,28256,747,1484,23905,23905,8217,87357,71715,28256,87357,23944,1484,747,118791
135.3,4582,4507,2215,29462,71874,729,29462,729,1486,24937,24937,8019,92669,74811,29462,92669,24913,1486,729,123970
118.4,4133,4211,1988,26977,66112,636,26977,635,1352,22830,22830,6985,83210,68490,26977,83210,22899,1352,635,113480
118.93,4013,3996,2073,26280,63562,702,26280,703,1371,22238,22238,7733,80940,66714,26280,80940,22190,1371,703,110553
125.43,4257,4262,2086,27502,66846,704,27502,703,1382,23276,23276,7733,84744,69828,27502,84744,23254,1382,703,115647
123.63,4221,4159,2113,27105,66374,716,27105,716,1397,22935,22935,7876,85306,68805,27105,85306,22967,1397,716,113947
120.97,4095,4096,2155,26605,64868,748,26605,749,1407,22511,22511,8239,82870,67533,26605,82869,22519,1407,749,111790
118.33,4028,3984,1993,26133,63429,670,26133,669,1322,22110,22110,7359,80715,66330,26133,80716,22084,1322,669,109957
121.87,4046,4180,2044,26960,64990,664,26960,665,1381,22804,22804,7315,80958,68412,26960,80958,22738,1381,665,113336
128.07,4316,4358,2216,28291,69076,723,28291,723,1493,23928,23928,7953,87411,71784,28291,87411,24052,1493,723,118873
132.27,4405,4487,2173,28943,70064,721,28943,720,1452,24472,24472,7920,88686,73416,28943,88686,24429,1452,720,121674
123.33,4155,4191,2172,27456,66575,739,27456,740,1433,23230,23230,8140,83398,69690,27456,83398,23274,1433,740,115489
124.83,4265,4374,2176,28408,68815,707,28408,707,1469,24024,24024,7777,86620,72072,28408,86615,23955,1469,707,119330
122.57,4223,4185,2044,26987,65872,669,26987,669,1375,22856,22856,7359,83302,68568,26987,83307,22914,1375,669,113584
115.6,3826,3982,1978,25876,62009,631,25876,631,1347,21868,21868,6941,76634,65604,25876,76634,21856,1347,631,108690
123.2,3980,4242,2184,27283,65611,730,27283,730,1454,23056,23056,8030,80133,69168,27283,80133,23075,1454,730,114528
122.5,4173,4123,2025,27001,65336,662,27001,662,1363,22813,22813,7282,83277,68439,27001,83277,22821,1363,662,113519
114.3,3933,3890,1905,24993,61193,626,24993,626,1279,21188,21188,6886,78685,63564,24993,78685,21173,1279,626,105145
125.77,4282,4270,2256,28056,68150,767,28056,767,1489,23745,23745,8437,86244,71235,28056,86244,23706,1489,767,117926
126.27,4124,4360,2148,27856,67208,718,27856,718,1430,23540,23540,7898,82254,70620,27856,82254,23559,1430,718,116914
126.23,4311,4217,2142,27952,67791,690,27952,687,1455,23635,23635,7557,87386,70903,27952,87386,23570,1455,687,117498
123.17,4259,4379,2173,28186,68284,716,28186,719,1454,23844,23844,7909,84944,71534,28186,84944,23926,1454,719,118567
126.13,4157,4336,2212,27937,67541,730,27937,730,1482,23623,23623,8030,84214,70869,27937,84214,23632,1482,730,117326
120.3,4048,4048,2018,26403,64128,669,26403,669,1349,22334,22334,7359,81815,67002,26403,81815,22325,1349,669,111062
123.07,4111,4177,2058,27003,65910,688,27003,688,1370,22855,22855,7568,83232,68565,27003,83232,22833,1370,688,113571
121.97,4128,4157,2074,26799,65770,674,26799,674,1400,22668,22668,7414,85162,68004,26799,85162,22702,1400,674,112636
119.77,4179,4004,2052,26405,64468,686,26405,686,1366,22385,22385,7546,82745,67155,26405,82745,22388,1366,686,111193
123.5,4044,4199,2026,27153,65316,696,27153,696,1330,22941,22941,7656,80724,68823,27153,80723,22883,1330,696,114088
114.87,4016,3880,1897,25309,61893,637,25309,636,1260,21423,21423,6996,79774,64269,25309,79775,21439,1260,636,106498
119.27,4171,4114,2006,26726,65481,677,26726,678,1329,22629,22629,7458,84054,67887,26726,84054,22668,1329,678,112511
105.33,3542,3664,1751,23556,56843,580,23556,579,1171,19901,19901,6369,70669,59703,23556,70669,19848,1171,579,98927
124.67,4230,4195,2073,27321,66908,670,27321,671,1403,23135,23135,7381,85870,69405,27321,85870,23106,1403,671,114923
126.07,4206,4286,2135,27822,67262,694,27822,694,1441,23509,23509,7634,84242,70527,27822,84242,23549,1441,694,116836
126.73,4251,4305,2168,27843,67700,728,27843,727,1440,23558,23558,7997,86140,70674,27843,86140,23543,1440,727,117082
104.13,3588,3483,1739,22806,56141,604,22806,605,1135,19318,19318,6655,72528,57954,22806,72528,19350,1135,605,96030
105.97,3744,3620,1795,23608,57541,606,23608,605,1190,19981,19981,6655,74579,59943,23608,74579,19986,1190,605,99395
109.47,3653,3683,1792,23887,58112,604,23887,603,1187,20218,20218,6633,73174,60654,23887,73174,20139,1187,603,100407
119.53,4078,4075,2136,26475,64536,735,26475,734,1403,22393,22393,8074,83081,67179,26475,83080,22479,1403,734,111315
126.4,4223,4190,2106,27427,67533,698,27427,700,1406,23220,23220,7700,87338,69660,27427,87339,23183,1406,700,115358
123.87,4357,4294,2150,27824,68518,718,27824,718,1433,23565,23565,7898,88792,70695,27824,88792,23578,1433,718,117049
165.97,4415,4318,2077,28060,68539,672,28060,669,1407,23743,23743,7359,88237,71229,28060,88237,23753,1407,669,118035
200.83,4215,4201,2003,27263,65840,664,27263,667,1333,23057,23057,7337,82713,69171,27263,82713,23049,1333,667,114680
182.7,4313,4321,2189,28272,68483,754,28272,755,1438,23924,23924,8305,86033,71772,28272,86033,23909,1438,755,118961
118.87,4000,4126,1974,26554,64121,669,26554,667,1306,22462,22462,7337,79272,67386,26554,79272,22446,1306,667,111650
112,3802,3781,1828,24763,59883,580,24763,582,1247,20923,20923,6402,75431,62769,24763,75431,20978,1247,582,104183
52.47,1816,1854,873,11866,28715,280,11866,280,593,10054,10054,3080,35682,30162,11866,35682,10049,593,280,49928
84.23,2878,2909,1346,18952,45787,431,18952,431,915,16012,16012,4741,57358,48036,18952,57358,15985,915,431,79658
75.67,2620,2537,1335,16599,40874,447,16599,447,888,14082,14082,4917,53083,42246,16599,53083,14103,888,447,69902
79.73,2654,2768,1320,17953,43139,444,17953,444,876,15158,15158,4884,53170,45474,17953,53170,15123,876,444,75406
85.47,2899,2915,1437,18841,46058,493,18841,493,944,15942,15942,5423,58889,47826,18841,58889,15959,944,493,79317
88,3008,2963,1497,19207,46907,503,19207,503,994,16273,16273,5533,60647,48819,19207,60647,16207,994,503,80819
72.8,2469,2552,1305,16491,39933,434,16491,434,871,13922,13922,4774,49988,41766,16491,49988,14008,871,434,69202
75.63,2595,2451,1200,16055,39427,395,16055,395,805,13618,13618,4345,51625,40854,16055,51625,13635,805,395,67644
121.07,4060,4029,1928,26210,64028,641,26210,640,1287,22174,22174,7040,81309,66522,26210,81309,22099,1287,640,110216
125.27,4536,4358,2213,28544,70117,759,28544,759,1454,24173,24173,8349,91479,72519,28544,91479,24220,1454,759,120119
119.1,4086,4033,2008,26308,63804,677,26308,678,1331,22247,22247,7458,81115,66741,26308,81115,22220,1331,678,110590
127.97,4422,4313,2151,28078,68905,691,28078,691,1460,23778,23778,7601,89279,71334,28078,89279,23830,1460,691,118117
114.97,3903,3912,1958,25232,61951,651,25232,650,1307,21347,21347,7150,79430,64041,25232,79430,21346,1307,650,106042
116.67,3740,3671,1957,24545,59042,658,24545,659,1299,20750,20750,7249,75812,62250,24545,75812,20619,1299,659,103046
118.07,3902,4054,2173,25801,62867,754,25801,754,1419,21843,21843,8294,78831,65529,25801,78831,21973,1419,754,108470
124.57,4470,4152,2001,27333,67903,674,27333,674,1327,23180,23180,7414,90684,69540,27333,90683,23142,1327,674,115218
123.1,4061,4322,2054,27638,66396,668,27638,667,1387,23331,23331,7337,81467,69993,27638,81468,23350,1387,667,116057
126.63,4417,4451,2305,29015,70553,771,29015,772,1533,24554,24554,8492,89124,73662,29015,89124,24517,1533,772,121911
122.67,4199,4219,2084,27176,66238,678,27176,678,1406,22996,22996,7458,83517,68988,27176,83517,23064,1406,678,114215
123.8,4133,4198,2124,27332,66304,695,27332,695,1429,23126,23126,7645,84539,69378,27332,84539,23090,1429,695,114913
123.3,4326,4220,2077,27622,67284,706,27622,706,1371,23390,23390,7766,85755,70170,27622,85755,23405,1371,706,116334
120.67,3963,4107,2097,26529,64024,704,26529,704,1393,22421,22421,7744,80334,67263,26529,80325,22392,1393,704,111478
99.17,3382,3357,1700,22059,53900,561,22059,561,1139,18682,18682,6171,68745,56046,22059,68754,18696,1139,561,92850
116.9,4054,3888,1902,25565,63150,637,25565,637,1265,21639,21639,7007,83337,64917,25565,83337,21634,1265,637,107621
108.77,3852,3841,1996,24913,60487,679,24913,679,1317,21070,21070,7469,77121,63210,24913,77121,21112,1317,679,104714
120.17,4022,4124,2110,26612,64479,714,26612,714,1396,22515,22515,7854,81527,67545,26612,81527,22412,1396,714,111805
111.4,3796,3800,1990,24854,60362,662,24854,662,1328,21031,21031,7282,76127,63093,24854,76127,21132,1328,662,104477
104.17,3542,3570,1745,22883,56215,594,22883,594,1151,19373,19373,6534,71862,58119,22883,71862,19369,1151,594,96186
117.37,3926,3922,1933,25457,62295,639,25457,634,1297,21540,21540,6974,80267,64619,25457,80267,21501,1297,634,107061
125.37,4329,4197,2135,27549,67824,704,27549,709,1428,23341,23341,7799,88557,70024,27549,88557,23382,1428,709,116024
123,4101,4197,2126,27149,65700,715,27149,715,1411,22957,22957,7865,82826,68871,27149,82826,22875,1411,715,114028
130.57,4624,4423,2175,28823,70989,728,28823,728,1447,24409,24409,8008,92448,73227,28823,92448,24490,1447,728,121271
118.7,4011,4001,2014,26207,63727,664,26207,664,1350,22165,22165,7304,81098,66495,26207,81098,22131,1350,664,110147
119.77,4157,4096,2003,26509,64771,658,26509,658,1344,22447,22447,7238,83678,67341,26509,83678,22374,1344,658,111544
120,4166,4234,2105,27556,66806,685,27556,685,1421,23290,23290,7535,83766,69870,27556,83766,23365,1421,685,115773
122.57,4103,4190,2113,27238,65511,699,27238,699,1414,23025,23025,7689,81989,69075,27238,81989,22954,1414,699,114414
124.3,4348,4214,2049,27397,67492,663,27397,663,1386,23200,23200,7293,87173,69600,27397,87173,23305,1386,663,115310
126.17,4321,4250,2083,27565,67784,690,27565,690,1393,23353,23353,7590,87585,70059,27565,87585,23307,1393,690,116012
122.43,4202,4205,2222,27318,66410,755,27318,755,1467,23133,23133,8305,84526,69399,27318,84526,23176,1467,755,114839
126.43,4243,4259,2029,27956,67817,657,27956,657,1372,23610,23610,7227,85781,70830,27956,85781,23608,1372,657,117566
118.87,4075,4097,2023,26435,64623,666,26435,666,1357,22391,22391,7326,82489,67173,26435,82489,22377,1357,666,111188
117.37,4089,3932,2056,25746,63151,698,25746,698,1358,21816,21816,7678,82998,65448,25746,82998,21834,1358,698,108398
118.5,4076,3947,1968,25701,63350,633,25701,633,1335,21778,21778,6963,82615,65334,25701,82614,21771,1335,633,108080
125.27,4173,4569,2333,29250,69616,796,29250,796,1537,24684,24684,8756,84246,74052,29250,84247,24623,1537,796,122704
100.43,3407,3349,1803,21956,53789,610,21956,610,1193,18593,18593,6710,69039,55779,21956,69039,18656,1193,610,92309
126.27,4472,4266,2016,27811,68392,691,27811,691,1325,23534,23534,7601,89232,70602,27811,89223,23536,1325,691,117047
128.97,4334,4396,2238,28667,69679,747,28667,746,1492,24228,24228,8206,88241,72684,28667,88250,24222,1492,746,120472
131.3,4317,4412,2232,28573,69520,737,28573,736,1495,24193,24193,8096,87901,72579,28573,87901,24167,1495,736,120139
128.87,4579,4296,2173,28144,70054,738,28144,738,1436,23866,23866,8118,93886,71598,28144,93886,23901,1436,738,118578
127.57,4173,4368,2234,28298,68087,754,28298,756,1478,23919,23919,8316,84251,71757,28298,84251,23884,1478,756,118876
126.5,4470,4218,2122,27832,68842,705,27832,705,1417,23573,23573,7755,91321,70719,27832,91321,23591,1417,705,117202
116.1,3834,4016,1916,25624,62393,649,25624,649,1267,21656,21656,7139,78215,64968,25624,78215,21668,1267,649,107692
121.13,4254,4055,2056,26522,65552,680,26522,680,1376,22493,22493,7480,85837,67479,26522,85837,22490,1376,680,111680
119.67,4204,4177,2204,27553,66963,751,27553,750,1454,23306,23306,8250,86546,69918,27553,86546,23242,1454,750,115800
105.13,3542,3610,1781,23144,56444,575,23144,574,1206,19578,19578,6314,72016,58734,23144,72016,19593,1206,574,97269
119.47,4154,4020,2051,26283,64642,687,26283,689,1363,22269,22269,7579,83973,66807,26283,83973,22320,1363,689,110609
120,4129,4032,2053,26364,64478,700,26364,700,1353,22328,22328,7700,82926,66984,26364,82926,22272,1353,700,110943
133.17,4630,4499,2196,29257,71800,711,29257,711,1485,24756,24756,7821,93462,74268,29257,93462,24804,1485,711,123056
119.43,4021,4086,2100,26684,64320,705,26684,705,1395,22538,22538,7755,80492,67614,26684,80492,22529,1395,705,112015
130.6,4393,4440,2297,28828,70249,768,28828,768,1529,24409,24409,8448,89694,73227,28828,89694,24431,1529,768,121265
118.3,4034,4013,1982,26128,64017,663,26128,662,1320,22112,22112,7282,82674,66336,26128,82674,22071,1320,662,109911
124.6,4233,4328,2179,27770,67788,755,27770,756,1423,23503,23503,8316,85302,70509,27770,85302,23541,1423,756,116740
120.6,4367,4059,2085,26960,66573,694,26960,693,1391,22833,22833,7623,89236,68499,26960,89236,22830,1391,693,113503
125.07,4257,4272,2123,27656,67561,699,27656,700,1424,23404,23404,7700,86155,70212,27656,86155,23408,1424,700,116260
121.93,4210,4117,1988,26765,65946,674,26765,674,1314,22651,22651,7414,85683,67953,26765,85683,22655,1314,674,112637
128.5,4263,4307,2176,27964,67922,745,27964,745,1431,23671,23671,8195,85915,71013,27964,85915,23624,1431,745,117591
124.53,4237,4246,2098,27435,66970,695,27435,695,1403,23211,23211,7645,85223,69633,27435,85223,23257,1403,695,115374
119.5,4109,4052,1984,26520,64651,646,26520,645,1339,22436,22436,7095,82925,67308,26520,82925,22427,1339,645,111518
125.27,4314,4251,2238,27603,67598,750,27603,751,1487,23381,23381,8261,87703,70143,27603,87703,23389,1487,751,116116
117.37,3866,3894,1984,25628,62162,666,25628,666,1318,21661,21661,7326,78719,64983,25628,78719,21614,1318,666,107666
121.4,4016,4155,2030,26610,64485,659,26610,658,1371,22515,22515,7238,81322,67545,26610,81322,22449,1371,658,111820
121.6,4104,4127,2176,26866,65859,740,26866,741,1436,22753,22753,8151,83419,68259,26866,83417,22864,1436,741,113017
125.67,4502,4453,2126,28909,70255,725,28909,725,1401,24454,24454,7975,88882,73362,28909,88884,24440,1401,725,121613
118.9,4082,4009,2046,26222,64175,688,26222,686,1359,22209,22209,7546,83263,66627,26222,83263,22196,1359,686,110392
127.33,4345,4383,2221,28309,68847,753,28309,755,1467,23949,23949,8305,87912,71847,28309,87909,23975,1467,755,119017
120.93,4083,4066,2021,26803,65171,676,26803,676,1345,22650,22650,7436,82937,67950,26803,82940,22631,1345,676,112711
109,3673,3756,1835,24071,58742,614,24071,614,1221,20366,20366,6754,74259,61098,24071,74259,20362,1221,614,101163
125.47,4303,4294,2195,27910,68097,750,27910,750,1445,23642,23642,8250,86290,70926,27910,86290,23662,1445,750,117469
121.8,3996,4145,2074,26953,64918,693,26953,693,1381,22772,22772,7623,81124,68316,26953,81124,22707,1381,693,113172
122.57,4153,4235,2244,27377,66336,756,27377,756,1488,23171,23171,8316,83423,69513,27377,83415,23239,1488,756,115077
118.17,3946,4073,1975,26403,63804,660,26403,660,1315,22296,22296,7260,79294,66888,26403,79302,22291,1315,660,110930
119.13,4034,4093,2190,26652,64450,732,26652,732,1457,22564,22564,8052,81568,67692,26652,81568,22571,1457,732,112035
117.1,4054,4174,2176,27151,65825,739,27151,739,1438,22965,22965,8129,82545,68895,27151,82545,22952,1438,739,114114
51.23,1703,1679,858,11116,27002,298,11116,298,560,9413,9413,3278,34927,28239,11116,34927,9328,560,298,46740
114.27,3827,3951,1960,25392,61545,652,25392,652,1308,21449,21449,7172,78059,64347,25392,78059,21445,1308,652,106739
122.8,4137,4174,2107,26955,66364,694,26955,694,1413,22840,22840,7634,85315,68520,26955,85315,22906,1413,694,113380
118.17,4058,3970,1967,26031,64310,653,26031,652,1314,22045,22045,7172,83698,66135,26031,83698,22067,1314,652,109609
121.7,4274,4113,2032,26937,65645,672,26937,673,1360,22802,22802,7403,85158,68406,26937,85158,22706,1360,673,113313
121.07,4226,4148,1999,26899,65833,652,26899,652,1347,22762,22762,7172,84520,68286,26899,84520,22879,1347,652,113211
120.3,4170,4186,2003,27103,65954,665,27103,665,1338,22925,22925,7315,83317,68775,27103,83317,22911,1338,665,113940
111.53,3747,3779,1958,24940,59975,648,24940,648,1310,21092,21092,7128,74891,63276,24940,74891,21011,1310,648,104783
113.87,4002,4036,1935,25627,63139,635,25627,635,1300,21692,21692,6985,80502,65076,25627,80502,21760,1300,635,107782
121.73,4085,4159,2033,27133,65362,666,27133,666,1367,22928,22928,7326,81830,68784,27133,81830,22934,1367,666,114007
118.9,4062,4049,2022,26289,64296,669,26289,669,1353,22243,22243,7359,82379,66729,26289,82379,22204,1353,669,110509
128.17,4524,4253,2145,27966,68927,733,27966,731,1413,23700,23700,8041,91149,71100,27966,91149,23671,1413,731,117783
109.87,3768,3776,1838,24436,59379,598,24436,600,1239,20691,20691,6600,74923,62073,24436,74923,20753,1239,600,102795
121.6,4148,4115,2023,26998,65799,657,26998,657,1366,22831,22831,7227,84550,68493,26998,84550,22757,1366,657,113533
126.37,4298,4343,2168,27900,68426,721,27900,721,1447,23606,23606,7931,86972,70818,27900,86972,23672,1447,721,117291
113.97,3916,3925,2046,25537,61778,689,25537,689,1357,21631,21631,7579,78052,64893,25537,78052,21660,1357,689,107391
126.03,4224,4319,2028,27870,67776,677,27870,672,1356,23549,23549,7392,85469,70647,27870,85469,23507,1356,672,117074
119.8,4241,4178,2117,27400,66906,686,27400,691,1426,23191,23191,7601,85594,69573,27400,85594,23189,1426,691,115265
124,4185,4215,2119,27420,66698,711,27420,710,1408,23176,23176,7810,85056,69528,27420,85056,23184,1408,710,115229
111.63,3887,3798,1996,24624,60188,688,24624,689,1308,20880,20880,7579,77404,62640,24624,77404,20917,1308,689,103633
109.3,3607,3754,1926,24605,58838,638,24605,638,1288,20782,20782,7018,72635,62346,24605,72635,20687,1288,638,103246
123.6,4227,4201,2094,27122,66803,695,27122,694,1400,22971,22971,7634,86324,68913,27122,86324,23023,1400,694,114167
120.9,4052,4141,2015,26686,65042,665,26686,666,1349,22587,22587,7326,82466,67761,26686,82466,22491,1349,666,112191
121.53,4218,4108,2074,26802,65476,702,26802,701,1373,22667,22667,7711,84313,68001,26802,84313,22768,1373,701,112696
107.23,3694,3623,1870,23848,57992,634,23848,635,1235,20188,20188,6985,74810,60564,23848,74810,20122,1235,635,100347
122.03,4162,4145,2018,26678,65444,689,26678,689,1329,22574,22574,7579,84011,67722,26678,84011,22582,1329,689,112229
126.43,4323,4305,2259,28200,68570,760,28200,760,1499,23864,23864,8360,86790,71592,28200,86786,23911,1499,760,118501
111.27,3853,3959,2009,25643,61997,664,25643,664,1345,21678,21678,7304,77635,65034,25643,77639,21671,1345,664,107673
131.03,4431,4474,2221,29038,70343,733,29038,733,1488,24558,24558,8063,88891,73674,29038,88891,24581,1488,733,122086
119.2,3983,4127,2040,26782,64543,674,26782,674,1366,22630,22630,7414,79614,67890,26782,79614,22660,1366,674,112558
118.17,3864,4128,2057,26349,63575,675,26349,674,1382,22296,22296,7414,77527,66888,26349,77527,22277,1382,674,110692
121.23,4203,4132,2047,26927,65260,678,26927,679,1369,22775,22775,7469,83402,68325,26927,83402,22749,1369,679,113263
120,4130,4096,1988,26603,65024,645,26603,644,1342,22524,22524,7084,83026,67572,26603,83026,22563,1342,644,111846
121.17,4125,4168,2141,27105,65936,711,27105,712,1431,22922,22922,7832,83899,68766,27105,83899,22899,1431,712,113881
125.87,4243,4255,2207,27717,67400,745,27717,745,1462,23460,23460,8195,85417,70380,27717,85417,23456,1462,745,116520
123.43,4327,4377,2178,28303,69090,725,28303,725,1453,23942,23942,7975,87521,71826,28303,87521,23949,1453,725,118915
119.9,4115,4150,1976,26807,64574,653,26807,653,1323,22667,22667,7183,81450,68001,26807,81450,22592,1323,653,112743
120.27,4197,4017,2067,26531,64959,661,26531,661,1406,22473,22473,7271,84354,67419,26531,84354,22529,1406,661,111674
116.27,3936,3937,1985,25680,62537,680,25680,680,1305,21715,21715,7480,79655,65145,25680,79655,21698,1305,680,107907
104.5,3539,3727,1868,23599,57240,637,23599,637,1231,19951,19951,7007,71164,59853,23599,71164,20022,1231,637,99146
121.9,4173,3953,2040,26166,64590,682,26166,681,1359,22193,22193,7491,84879,66579,26166,84879,22164,1359,681,110192
125.27,4357,4278,2122,27918,68126,693,27918,694,1428,23613,23613,7634,87866,70839,27918,87858,23637,1428,694,117396
118.57,4048,4019,1926,26245,63995,617,26245,617,1309,22199,22199,6787,82056,66597,26245,82064,22130,1309,617,110321
120.4,4135,4113,2002,26614,64753,667,26614,667,1335,22530,22530,7337,81413,67590,26614,81412,22557,1335,667,111984
122.8,4174,4251,2133,27572,66486,726,27572,725,1407,23306,23306,7975,83712,69918,27572,83713,23229,1407,725,115879
124.6,4240,4428,2246,28539,69268,740,28539,741,1506,24154,24154,8151,86229,72462,28539,86229,24264,1506,741,119959
120.53,4001,4206,2082,27065,65489,709,27065,709,1373,22853,22853,7799,80603,68559,27065,80603,22844,1373,709,113675
127.2,4395,4272,2125,27849,68222,711,27849,711,1413,23591,23591,7821,88595,70773,27849,88595,23577,1413,711,117221
121.33,4304,4072,2035,26918,66162,694,26918,694,1342,22791,22791,7634,87417,68373,26918,87417,22806,1342,694,113396
113.03,3710,3855,1962,24943,60092,650,24943,648,1313,21092,21092,7128,74304,63276,24943,74304,21048,1313,648,104686
127.13,4308,4366,2190,28147,68749,719,28147,721,1470,23814,23814,7931,87778,71440,28147,87778,23801,1470,721,118272
123.83,4297,4183,2122,27235,66493,722,27235,722,1400,23063,23063,7942,85914,69191,27235,85914,23066,1400,722,114600
125.47,4396,4218,2087,27912,68247,687,27912,687,1400,23628,23628,7557,88278,70884,27912,88278,23613,1400,687,117466
123.9,4150,4218,2100,27217,66394,679,27217,678,1422,23018,23018,7458,84341,69054,27217,84341,23099,1422,678,114460
127.93,4415,4582,2301,29715,71190,781,29715,781,1519,25132,25132,8591,87291,75396,29715,87291,25062,1519,781,124851
117.67,4026,3986,2024,26007,63476,667,26007,668,1357,22008,22008,7348,81269,66024,26007,81269,22003,1357,668,109327
109.53,3517,3866,1961,24568,58973,641,24568,640,1320,20747,20747,7040,70918,62241,24568,70918,20797,1320,640,103083
130.43,4480,4368,2172,28582,70059,722,28582,723,1450,24211,24211,7953,90955,72633,28582,90955,24205,1450,723,120324
118.3,3962,4079,2070,26616,63838,683,26616,683,1387,22500,22500,7513,79022,67500,26616,79022,22438,1387,683,111774
125.73,4267,4349,2154,27781,67456,710,27781,708,1446,23501,23501,7788,85450,70503,27781,85450,23556,1446,708,116751
115.8,4047,3861,1874,25536,62894,634,25536,636,1238,21600,21600,6996,81879,64800,25536,81879,21628,1238,636,107521
122.43,4085,4186,2130,26943,65393,706,26943,705,1424,22808,22808,7755,82264,68424,26943,82264,22757,1424,705,113203
123.23,4154,4182,2133,27530,66431,694,27530,695,1439,23288,23288,7645,83654,69864,27530,83654,23249,1439,695,115778
123.4,4157,4217,2080,27195,66158,681,27195,679,1401,22996,22996,7469,83415,68988,27195,83415,23070,1401,679,114261
122.43,4303,4397,2271,28367,68755,766,28367,768,1503,24011,24011,8448,86461,72033,28367,86461,23961,1503,768,119197
118.37,3848,4101,2102,26351,63744,687,26351,687,1415,22257,22257,7557,78472,66771,26351,78472,22316,1415,687,110601
118.2,4074,4016,2062,26228,63559,692,26228,691,1370,22228,22228,7601,81079,66684,26228,81079,22246,1370,691,110406
122.5,4136,4167,2107,27056,65967,705,27056,706,1402,22871,22871,7766,84374,68613,27056,84374,22872,1402,706,113682
123.33,4353,4151,1974,27099,66902,662,27099,661,1311,22971,22971,7271,88025,68913,27099,88025,22883,1311,661,114174
114.57,3823,3906,1939,25254,61155,657,25254,658,1283,21345,21345,7238,77392,64035,25254,77392,21327,1283,658,106131
124.73,4264,4210,2083,27510,67195,671,27510,671,1410,23300,23300,7381,84630,69900,27510,84630,23405,1410,671,115776
125.73,4311,4280,2062,28084,68404,689,28084,689,1375,23727,23727,7579,87674,71181,28084,87674,23728,1375,689,118131
124.57,4255,4165,2113,27158,66595,711,27158,710,1403,23010,23010,7810,86813,69030,27158,86813,22946,1403,710,114295
126.43,4359,4537,2215,29256,70713,708,29256,709,1506,24724,24724,7799,87417,74172,29256,87417,24770,1506,709,122892
121.77,4150,4181,2086,26941,65605,696,26941,696,1389,22817,22817,7656,82801,68451,26941,82801,22834,1389,696,113307
122.13,4163,4181,2080,27289,65893,677,27289,676,1403,23081,23081,7436,82731,69243,27289,82731,23082,1403,676,114733
117.4,4086,3987,1871,25936,63625,588,25936,589,1283,21943,21943,6479,82641,65829,25936,82641,21920,1283,589,109130
128.5,4307,4347,2188,28436,68889,741,28436,741,1448,24049,24049,8151,86666,72147,28436,86666,24016,1448,741,119557
121.67,4163,4151,2052,26771,65128,690,26771,689,1363,22659,22659,7579,83041,67977,26771,83041,22644,1363,689,112560
122.33,4115,4200,2174,27382,65980,717,27382,717,1457,23145,23145,7887,82254,69435,27382,82254,23205,1457,717,115057
117.57,3984,4125,1974,26373,63999,652,26373,653,1321,22307,22307,7183,79679,66921,26373,79679,22320,1321,653,110859
125.9,4259,4161,2138,27264,66923,696,27264,696,1442,23105,23105,7656,86554,69315,27264,86552,23092,1442,696,114669
114.33,4110,4029,1982,26400,64082,660,26400,660,1322,22307,22307,7260,82174,66921,26400,82176,22276,1322,660,110964
127.73,4355,4317,2174,28084,68689,715,28084,715,1459,23785,23785,7865,88654,71355,28084,88652,23766,1459,715,118182
119.53,4042,4095,2058,26516,64205,704,26516,704,1354,22424,22424,7744,80877,67272,26516,80879,22444,1354,704,111504
118.93,3967,4063,2048,26273,63716,695,26273,694,1354,22217,22217,7634,80219,66651,26273,80219,22218,1354,694,110393
122.1,4304,4104,1972,26873,66051,646,26873,647,1325,22762,22762,7117,85470,68286,26873,85470,22801,1325,647,113175
117.53,3887,3989,2071,25931,62886,701,25931,701,1370,21945,21945,7711,78890,65835,25931,78890,21882,1370,701,108921
112.13,3877,3771,1855,24447,59979,608,24447,605,1250,20717,20717,6655,77718,62151,24447,77718,20738,1250,605,102936
118,3977,4028,2102,26345,63787,697,26345,700,1402,22268,22268,7700,80434,66804,26345,80434,22308,1402,700,110678
119.17,4061,4042,1899,26021,63848,630,26021,629,1270,22012,22012,6919,82900,66036,26021,82900,21959,1270,629,109407
124.33,4316,4212,2166,27645,67730,711,27645,712,1454,23426,23426,7832,86764,70278,27645,86764,23461,1454,712,116345
113.73,3884,4078,2035,26410,63079,673,26410,673,1361,22288,22288,7403,77580,66864,26410,77580,22230,1361,673,110896
122,4043,4223,2193,27082,65605,759,27082,759,1435,22910,22910,8349,81402,68730,27082,81402,22975,1435,759,113712
118.9,4186,4055,2015,26663,64420,687,26663,687,1328,22561,22561,7557,81544,67683,26663,81544,22566,1328,687,112246
122,4175,4165,2042,26746,65523,685,26746,685,1357,22648,22648,7535,83450,67944,26746,83450,22658,1357,685,112417
124.57,4265,4161,2111,27206,66717,715,27206,715,1396,23046,23046,7865,86393,69138,27206,86393,23043,1396,715,114503